time,step-size,{controller}.Steering_control.delta_f,{controller}.Steering_control.speed,{robot}.robotti_global.d_front_l,{robot}.robotti_global.d_front_r,{robot}.robotti_global.read_right_wheel_pos,{robot}.robotti_global.rear_left_wheel_pos,{robot}.robotti_global.theta,{robot}.robotti_global.x,{robot}.robotti_global.y
0.0,0.0,0.0,1.0,0.0,0.0,0.0,0.0,0.0,0.0,0.0
0.05,0.05,0.0,0.0,0.0,0.0,-0.014306666666666669,-0.014306666666666669,0.0,0.0,0.04833333333333334
0.1,0.05,0.0,0.0,0.0,0.0,-0.014800000000000002,-0.014800000000000002,0.0,0.0,0.05
0.15000000000000002,0.05,0.0,1.0,0.0,0.0,-0.014800000000000002,-0.014800000000000002,0.0,0.0,0.05
0.2,0.05,0.0,1.0,0.0,0.0,-0.02910666666666666,-0.02910666666666666,0.0,0.0,0.09833333333333327
0.25,0.05,0.0,1.0,0.0,0.0,-0.043906666666666636,-0.043906666666666636,0.0,0.0,0.14833333333333323
0.3,0.05,0.0,1.0,0.0,0.0,-0.05870666666666661,-0.05870666666666661,0.0,0.0,0.19833333333333322
0.35,0.05,0.0,1.0,0.0,0.0,-0.07350666666666661,-0.07350666666666661,0.0,0.0,0.2483333333333332
0.39999999999999997,0.05,0.0,1.0,0.0,0.0,-0.08830666666666662,-0.08830666666666662,0.0,0.0,0.2983333333333332
0.44999999999999996,0.05,0.0,1.0,0.0,0.0,-0.10310666666666662,-0.10310666666666662,0.0,0.0,0.34833333333333316
0.49999999999999994,0.05,0.0,1.0,0.0,0.0,-0.11790666666666663,-0.11790666666666663,0.0,0.0,0.39833333333333315
0.5499999999999999,0.05,0.0,1.0,0.0,0.0,-0.1327066666666666,-0.1327066666666666,0.0,0.0,0.4483333333333332
0.6,0.05,0.0,1.0,0.0,0.0,-0.14750666666666656,-0.14750666666666656,0.0,0.0,0.49833333333333324
0.65,0.05,0.0,1.0,0.0,0.0,-0.16230666666666652,-0.16230666666666652,0.0,0.0,0.5483333333333332
0.7000000000000001,0.05,0.0,1.0,0.0,0.0,-0.17710666666666647,-0.17710666666666647,0.0,0.0,0.5983333333333333
0.7500000000000001,0.05,0.0,1.0,0.0,0.0,-0.19190666666666642,-0.19190666666666642,0.0,0.0,0.6483333333333333
0.8000000000000002,0.05,0.0,1.0,0.0,0.0,-0.20670666666666637,-0.20670666666666637,0.0,0.0,0.6983333333333334
0.8500000000000002,0.05,0.0,1.0,0.0,0.0,-0.22150666666666632,-0.22150666666666632,0.0,0.0,0.7483333333333334
0.9000000000000002,0.05,0.0,1.0,0.0,0.0,-0.23630666666666628,-0.23630666666666628,0.0,0.0,0.7983333333333335
0.9500000000000003,0.05,0.0,1.0,0.0,0.0,-0.25110666666666626,-0.25110666666666626,0.0,0.0,0.8483333333333335
1.0000000000000002,0.05,0.0,1.0,0.0,0.0,-0.2659066666666663,-0.2659066666666663,0.0,0.0,0.8983333333333334
1.0500000000000003,0.05,0.0,1.0,0.0,0.0,-0.2807066666666664,-0.2807066666666664,0.0,0.0,0.9483333333333335
1.1000000000000003,0.05,0.0,1.0,0.0,0.0,-0.2955066666666665,-0.2955066666666665,0.0,0.0,0.9983333333333335
1.1500000000000004,0.05,0.0,1.0,0.0,0.0,-0.31030666666666656,-0.31030666666666656,0.0,0.0,1.0483333333333336
1.2000000000000004,0.05,0.0,1.0,0.0,0.0,-0.32510666666666665,-0.32510666666666665,0.0,0.0,1.0983333333333336
1.2500000000000004,0.05,0.0,1.0,0.0,0.0,-0.33990666666666675,-0.33990666666666675,0.0,0.0,1.1483333333333337
1.3000000000000005,0.05,0.0,1.0,0.0,0.0,-0.35470666666666684,-0.35470666666666684,0.0,0.0,1.1983333333333337
1.3500000000000005,0.05,0.0,1.0,0.0,0.0,-0.3695066666666669,-0.3695066666666669,0.0,0.0,1.2483333333333337
1.4000000000000006,0.05,0.0,1.0,0.0,0.0,-0.384306666666667,-0.384306666666667,0.0,0.0,1.2983333333333338
1.4500000000000006,0.05,0.0,1.0,0.0,0.0,-0.3991066666666671,-0.3991066666666671,0.0,0.0,1.3483333333333338
1.5000000000000007,0.05,0.0,1.0,0.0,0.0,-0.4139066666666672,-0.4139066666666672,0.0,0.0,1.3983333333333339
1.5500000000000007,0.05,0.0,1.0,0.0,0.0,-0.4287066666666673,-0.4287066666666673,0.0,0.0,1.448333333333334
1.6000000000000008,0.05,0.0,1.0,0.0,0.0,-0.4435066666666674,-0.4435066666666674,0.0,0.0,1.498333333333334
1.6500000000000008,0.05,0.0,1.0,0.0,0.0,-0.4583066666666675,-0.4583066666666675,0.0,0.0,1.548333333333334
1.7000000000000008,0.05,0.0,1.0,0.0,0.0,-0.47310666666666756,-0.47310666666666756,0.0,0.0,1.598333333333334
1.7500000000000009,0.05,0.0,1.0,0.0,0.0,-0.48790666666666765,-0.48790666666666765,0.0,0.0,1.648333333333334
1.800000000000001,0.05,0.0,1.0,0.0,0.0,-0.5027066666666677,-0.5027066666666677,0.0,0.0,1.6983333333333341
1.850000000000001,0.05,0.0,1.0,0.0,0.0,-0.5175066666666676,-0.5175066666666676,0.0,0.0,1.7483333333333342
1.900000000000001,0.05,0.0,1.0,0.0,0.0,-0.5323066666666674,-0.5323066666666674,0.0,0.0,1.7983333333333342
1.950000000000001,0.05,0.0,1.0,0.0,0.0,-0.5471066666666672,-0.5471066666666672,0.0,0.0,1.8483333333333343
2.000000000000001,0.05,0.0,1.0,0.0,0.0,-0.561906666666667,-0.561906666666667,0.0,0.0,1.898333333333334
2.0500000000000007,0.05,0.0,1.0,0.0,0.0,-0.576706666666667,-0.576706666666667,0.0,0.0,1.948333333333335
2.1000000000000005,0.05,0.0,1.0,0.0,0.0,-0.5915066666666671,-0.5915066666666671,0.0,0.0,1.998333333333336
2.1500000000000004,0.05,0.0,1.0,0.0,0.0,-0.6063066666666671,-0.6063066666666671,0.0,0.0,2.048333333333336
2.2,0.05,0.0,1.0,0.0,0.0,-0.6211066666666671,-0.6211066666666671,0.0,0.0,2.098333333333336
2.25,0.05,0.0,1.0,0.0,0.0,-0.6359066666666672,-0.6359066666666672,0.0,0.0,2.1483333333333356
2.3,0.05,0.0,1.0,0.0,0.0,-0.6507066666666672,-0.6507066666666672,0.0,0.0,2.1983333333333355
2.3499999999999996,0.05,0.0,1.0,0.0,0.0,-0.6655066666666672,-0.6655066666666672,0.0,0.0,2.2483333333333353
2.3999999999999995,0.05,0.0,1.0,0.0,0.0,-0.6803066666666673,-0.6803066666666673,0.0,0.0,2.298333333333335
2.4499999999999993,0.05,0.0,1.0,0.0,0.0,-0.6951066666666673,-0.6951066666666673,0.0,0.0,2.348333333333335
2.499999999999999,0.05,0.0,1.0,0.0,0.0,-0.7099066666666674,-0.7099066666666674,0.0,0.0,2.3983333333333348
2.549999999999999,0.05,0.0,1.0,0.0,0.0,-0.7247066666666674,-0.7247066666666674,0.0,0.0,2.4483333333333346
2.5999999999999988,0.05,0.0,1.0,0.0,0.0,-0.7395066666666674,-0.7395066666666674,0.0,0.0,2.4983333333333344
2.6499999999999986,0.05,0.0,1.0,0.0,0.0,-0.7543066666666675,-0.7543066666666675,0.0,0.0,2.5483333333333342
2.6999999999999984,0.05,0.0,1.0,0.0,0.0,-0.7691066666666675,-0.7691066666666675,0.0,0.0,2.598333333333334
2.7499999999999982,0.05,0.0,1.0,0.0,0.0,-0.7839066666666675,-0.7839066666666675,0.0,0.0,2.648333333333334
2.799999999999998,0.05,0.0,1.0,0.0,0.0,-0.7987066666666676,-0.7987066666666676,0.0,0.0,2.6983333333333337
2.849999999999998,0.05,0.0,1.0,0.0,0.0,-0.8135066666666676,-0.8135066666666676,0.0,0.0,2.7483333333333335
2.8999999999999977,0.05,0.0,1.0,0.0,0.0,-0.8283066666666676,-0.8283066666666676,0.0,0.0,2.7983333333333333
2.9499999999999975,0.05,0.0,1.0,0.0,0.0,-0.8431066666666677,-0.8431066666666677,0.0,0.0,2.848333333333333
2.9999999999999973,0.05,0.0,1.0,0.0,0.0,-0.8579066666666677,-0.8579066666666677,0.0,0.0,2.898333333333333
3.049999999999997,0.05,0.0,1.0,0.0,0.0,-0.8727066666666677,-0.8727066666666677,0.0,0.0,2.948333333333333
3.099999999999997,0.05,0.0,1.0,0.0,0.0,-0.8875066666666678,-0.8875066666666678,0.0,0.0,2.9983333333333326
3.149999999999997,0.05,0.0,1.0,0.0,0.0,-0.9023066666666678,-0.9023066666666678,0.0,0.0,3.0483333333333325
3.1999999999999966,0.05,0.0,1.0,0.0,0.0,-0.9171066666666678,-0.9171066666666678,0.0,0.0,3.0983333333333323
3.2499999999999964,0.05,0.0,1.0,0.0,0.0,-0.9319066666666679,-0.9319066666666679,0.0,0.0,3.148333333333332
3.2999999999999963,0.05,0.0,1.0,0.0,0.0,-0.9467066666666679,-0.9467066666666679,0.0,0.0,3.198333333333332
3.349999999999996,0.05,0.0,1.0,0.0,0.0,-0.961506666666668,-0.961506666666668,0.0,0.0,3.2483333333333317
3.399999999999996,0.05,0.0,1.0,0.0,0.0,-0.976306666666668,-0.976306666666668,0.0,0.0,3.2983333333333316
3.4499999999999957,0.05,0.0,1.0,0.0,0.0,-0.991106666666668,-0.991106666666668,0.0,0.0,3.3483333333333314
3.4999999999999956,0.05,0.0,1.0,0.0,0.0,-1.0059066666666683,-1.0059066666666683,0.0,0.0,3.398333333333331
3.5499999999999954,0.05,0.0,1.0,0.0,0.0,-1.0207066666666689,-1.0207066666666689,0.0,0.0,3.448333333333331
3.599999999999995,0.05,0.0,1.0,0.0,0.0,-1.0355066666666695,-1.0355066666666695,0.0,0.0,3.498333333333331
3.649999999999995,0.05,0.0,1.0,0.0,0.0,-1.05030666666667,-1.05030666666667,0.0,0.0,3.5483333333333307
3.699999999999995,0.05,0.0,1.0,0.0,0.0,-1.0651066666666706,-1.0651066666666706,0.0,0.0,3.5983333333333305
3.7499999999999947,0.05,0.0,1.0,0.0,0.0,-1.0799066666666712,-1.0799066666666712,0.0,0.0,3.6483333333333303
3.7999999999999945,0.05,0.0,1.0,0.0,0.0,-1.0947066666666718,-1.0947066666666718,0.0,0.0,3.69833333333333
3.8499999999999943,0.05,0.0,1.0,0.0,0.0,-1.1095066666666724,-1.1095066666666724,0.0,0.0,3.74833333333333
3.899999999999994,0.05,0.0,1.0,0.0,0.0,-1.124306666666673,-1.124306666666673,0.0,0.0,3.79833333333333
3.949999999999994,0.05,0.0,1.0,0.0,0.0,-1.1391066666666736,-1.1391066666666736,0.0,0.0,3.8483333333333296
3.999999999999994,0.05,0.0,1.0,0.0,0.0,-1.1539066666666742,-1.1539066666666742,0.0,0.0,3.8983333333333294
4.049999999999994,0.05,0.0,1.0,0.0,0.0,-1.1687066666666748,-1.1687066666666748,0.0,0.0,3.9483333333333293
4.099999999999993,0.05,0.0,1.0,0.0,0.0,-1.1835066666666754,-1.1835066666666754,0.0,0.0,3.998333333333329
4.149999999999993,0.05,0.0,1.0,0.0,0.0,-1.198306666666676,-1.198306666666676,0.0,0.0,4.048333333333329
4.199999999999993,0.05,0.0,1.0,0.0,0.0,-1.2131066666666765,-1.2131066666666765,0.0,0.0,4.098333333333329
4.249999999999993,0.05,0.0,1.0,0.0,0.0,-1.2279066666666771,-1.2279066666666771,0.0,0.0,4.148333333333329
4.299999999999993,0.05,0.0,1.0,0.0,0.0,-1.2427066666666777,-1.2427066666666777,0.0,0.0,4.198333333333329
4.3499999999999925,0.05,0.0,1.0,0.0,0.0,-1.2575066666666783,-1.2575066666666783,0.0,0.0,4.248333333333329
4.399999999999992,0.05,0.0,1.0,0.0,0.0,-1.272306666666679,-1.272306666666679,0.0,0.0,4.2983333333333285
4.449999999999992,0.05,0.0,1.0,0.0,0.0,-1.2871066666666795,-1.2871066666666795,0.0,0.0,4.348333333333328
4.499999999999992,0.05,0.0,1.0,0.0,0.0,-1.30190666666668,-1.30190666666668,0.0,0.0,4.398333333333328
4.549999999999992,0.05,0.0,1.0,0.0,0.0,-1.3167066666666807,-1.3167066666666807,0.0,0.0,4.448333333333328
4.599999999999992,0.05,0.0,1.0,0.0,0.0,-1.3315066666666813,-1.3315066666666813,0.0,0.0,4.498333333333328
4.6499999999999915,0.05,0.0,1.0,0.0,0.0,-1.3463066666666819,-1.3463066666666819,0.0,0.0,4.548333333333328
4.699999999999991,0.05,0.0,1.0,0.0,0.0,-1.3611066666666825,-1.3611066666666825,0.0,0.0,4.598333333333327
4.749999999999991,0.05,0.0,1.0,0.0,0.0,-1.375906666666683,-1.375906666666683,0.0,0.0,4.648333333333327
4.799999999999991,0.05,0.0,1.0,0.0,0.0,-1.3907066666666836,-1.3907066666666836,0.0,0.0,4.698333333333327
4.849999999999991,0.05,0.0,1.0,0.0,0.0,-1.4055066666666842,-1.4055066666666842,0.0,0.0,4.748333333333327
4.899999999999991,0.05,0.0,1.0,0.0,0.0,-1.4203066666666848,-1.4203066666666848,0.0,0.0,4.798333333333327
4.94999999999999,0.05,0.0,1.0,0.0,0.0,-1.4351066666666854,-1.4351066666666854,0.0,0.0,4.8483333333333265
4.99999999999999,0.05,0.0,1.0,0.0,0.0,-1.449906666666686,-1.449906666666686,0.0,0.0,4.898333333333326
5.04999999999999,0.05,0.0,1.0,0.0,0.0,-1.4647066666666866,-1.4647066666666866,0.0,0.0,4.948333333333326
5.09999999999999,0.05,0.0,1.0,0.0,0.0,-1.4795066666666872,-1.4795066666666872,0.0,0.0,4.998333333333326
5.14999999999999,0.05,0.0,1.0,0.0,0.0,-1.4943066666666878,-1.4943066666666878,0.0,0.0,5.048333333333326
5.1999999999999895,0.05,0.0,1.0,0.0,0.0,-1.5091066666666884,-1.5091066666666884,0.0,0.0,5.098333333333326
5.249999999999989,0.05,0.0,1.0,0.0,0.0,-1.523906666666689,-1.523906666666689,0.0,0.0,5.148333333333325
5.299999999999989,0.05,0.0,1.0,0.0,0.0,-1.5387066666666895,-1.5387066666666895,0.0,0.0,5.198333333333325
5.349999999999989,0.05,0.0,1.0,0.0,0.0,-1.5535066666666901,-1.5535066666666901,0.0,0.0,5.248333333333325
5.399999999999989,0.05,0.0,1.0,0.0,0.0,-1.5683066666666907,-1.5683066666666907,0.0,0.0,5.298333333333325
5.449999999999989,0.05,0.0,1.0,0.0,0.0,-1.5831066666666913,-1.5831066666666913,0.0,0.0,5.348333333333325
5.4999999999999885,0.05,0.0,1.0,0.0,0.0,-1.597906666666692,-1.597906666666692,0.0,0.0,5.3983333333333245
5.549999999999988,0.05,0.0,1.0,0.0,0.0,-1.6127066666666925,-1.6127066666666925,0.0,0.0,5.448333333333324
5.599999999999988,0.05,0.0,1.0,0.0,0.0,-1.627506666666693,-1.627506666666693,0.0,0.0,5.498333333333324
5.649999999999988,0.05,0.0,1.0,0.0,0.0,-1.6423066666666937,-1.6423066666666937,0.0,0.0,5.548333333333324
5.699999999999988,0.05,0.0,1.0,0.0,0.0,-1.6571066666666943,-1.6571066666666943,0.0,0.0,5.598333333333324
5.749999999999988,0.05,0.0,1.0,0.0,0.0,-1.6719066666666949,-1.6719066666666949,0.0,0.0,5.648333333333324
5.799999999999987,0.05,0.0,1.0,0.0,0.0,-1.6867066666666954,-1.6867066666666954,0.0,0.0,5.6983333333333235
5.849999999999987,0.05,0.0,1.0,0.0,0.0,-1.701506666666696,-1.701506666666696,0.0,0.0,5.748333333333323
5.899999999999987,0.05,0.0,1.0,0.0,0.0,-1.7163066666666966,-1.7163066666666966,0.0,0.0,5.798333333333323
5.949999999999987,0.05,0.0,1.0,0.0,0.0,-1.7311066666666972,-1.7311066666666972,0.0,0.0,5.848333333333323
5.999999999999987,0.05,0.0,1.0,0.0,0.0,-1.7459066666666978,-1.7459066666666978,0.0,0.0,5.898333333333323
6.0499999999999865,0.05,0.0,1.0,0.0,0.0,-1.7607066666666984,-1.7607066666666984,0.0,0.0,5.948333333333323
6.099999999999986,0.05,0.0,1.0,0.0,0.0,-1.775506666666699,-1.775506666666699,0.0,0.0,5.998333333333322
6.149999999999986,0.05,0.0,1.0,0.0,0.0,-1.7903066666666996,-1.7903066666666996,0.0,0.0,6.048333333333322
6.199999999999986,0.05,0.0,1.0,0.0,0.0,-1.8051066666667002,-1.8051066666667002,0.0,0.0,6.098333333333322
6.249999999999986,0.05,0.0,1.0,0.0,0.0,-1.8199066666667008,-1.8199066666667008,0.0,0.0,6.148333333333322
6.299999999999986,0.05,0.0,1.0,0.0,0.0,-1.8347066666667013,-1.8347066666667013,0.0,0.0,6.198333333333322
6.349999999999985,0.05,0.0,1.0,0.0,0.0,-1.849506666666702,-1.849506666666702,0.0,0.0,6.2483333333333215
6.399999999999985,0.05,0.0,1.0,0.0,0.0,-1.8643066666667025,-1.8643066666667025,0.0,0.0,6.298333333333321
6.449999999999985,0.05,0.0,1.0,0.0,0.0,-1.8791066666667031,-1.8791066666667031,0.0,0.0,6.348333333333321
6.499999999999985,0.05,0.0,1.0,0.0,0.0,-1.8939066666667037,-1.8939066666667037,0.0,0.0,6.398333333333321
6.549999999999985,0.05,0.0,1.0,0.0,0.0,-1.9087066666667043,-1.9087066666667043,0.0,0.0,6.448333333333321
6.5999999999999845,0.05,0.0,1.0,0.0,0.0,-1.923506666666705,-1.923506666666705,0.0,0.0,6.498333333333321
6.649999999999984,0.05,0.0,1.0,0.0,0.0,-1.9383066666667055,-1.9383066666667055,0.0,0.0,6.5483333333333205
6.699999999999984,0.05,0.0,1.0,0.0,0.0,-1.953106666666706,-1.953106666666706,0.0,0.0,6.59833333333332
6.749999999999984,0.05,0.0,1.0,0.0,0.0,-1.9679066666667067,-1.9679066666667067,0.0,0.0,6.64833333333332
6.799999999999984,0.05,0.0,1.0,0.0,0.0,-1.9827066666667073,-1.9827066666667073,0.0,0.0,6.69833333333332
6.849999999999984,0.05,0.0,1.0,0.0,0.0,-1.9975066666667078,-1.9975066666667078,0.0,0.0,6.74833333333332
6.8999999999999835,0.05,0.0,1.0,0.0,0.0,-2.0123066666667078,-2.0123066666667078,0.0,0.0,6.79833333333332
6.949999999999983,0.05,0.0,1.0,0.0,0.0,-2.0271066666667075,-2.0271066666667075,0.0,0.0,6.848333333333319
6.999999999999983,0.05,0.0,1.0,0.0,0.0,-2.041906666666707,-2.041906666666707,0.0,0.0,6.898333333333319
7.049999999999983,0.05,0.0,1.0,0.0,0.0,-2.056706666666707,-2.056706666666707,0.0,0.0,6.948333333333319
7.099999999999983,0.05,0.0,1.0,0.0,0.0,-2.0715066666667066,-2.0715066666667066,0.0,0.0,6.998333333333319
7.149999999999983,0.05,0.0,1.0,0.0,0.0,-2.0863066666667063,-2.0863066666667063,0.0,0.0,7.048333333333319
7.199999999999982,0.05,0.0,1.0,0.0,0.0,-2.101106666666706,-2.101106666666706,0.0,0.0,7.0983333333333185
7.249999999999982,0.05,0.0,1.0,0.0,0.0,-2.1159066666667057,-2.1159066666667057,0.0,0.0,7.148333333333318
7.299999999999982,0.05,0.0,1.0,0.0,0.0,-2.1307066666667054,-2.1307066666667054,0.0,0.0,7.198333333333318
7.349999999999982,0.05,0.0,1.0,0.0,0.0,-2.145506666666705,-2.145506666666705,0.0,0.0,7.248333333333318
7.399999999999982,0.05,0.0,1.0,0.0,0.0,-2.160306666666705,-2.160306666666705,0.0,0.0,7.298333333333318
7.4499999999999815,0.05,0.0,1.0,0.0,0.0,-2.1751066666667045,-2.1751066666667045,0.0,0.0,7.348333333333318
7.499999999999981,0.05,0.0,1.0,0.0,0.0,-2.189906666666704,-2.189906666666704,0.0,0.0,7.398333333333317
7.549999999999981,0.05,0.0,1.0,0.0,0.0,-2.204706666666704,-2.204706666666704,0.0,0.0,7.448333333333317
7.599999999999981,0.05,0.0,1.0,0.0,0.0,-2.2195066666667036,-2.2195066666667036,0.0,0.0,7.498333333333317
7.649999999999981,0.05,0.0,1.0,0.0,0.0,-2.2343066666667033,-2.2343066666667033,0.0,0.0,7.548333333333317
7.699999999999981,0.05,0.0,1.0,0.0,0.0,-2.249106666666703,-2.249106666666703,0.0,0.0,7.598333333333317
7.7499999999999805,0.05,0.0,1.0,0.0,0.0,-2.2639066666667027,-2.2639066666667027,0.0,0.0,7.6483333333333166
7.79999999999998,0.05,0.0,1.0,0.0,0.0,-2.2787066666667024,-2.2787066666667024,0.0,0.0,7.698333333333316
7.84999999999998,0.05,0.0,1.0,0.0,0.0,-2.293506666666702,-2.293506666666702,0.0,0.0,7.748333333333316
7.89999999999998,0.05,0.0,1.0,0.0,0.0,-2.308306666666702,-2.308306666666702,0.0,0.0,7.798333333333316
7.94999999999998,0.05,0.0,1.0,0.0,0.0,-2.3231066666667015,-2.3231066666667015,0.0,0.0,7.848333333333316
7.99999999999998,0.05,0.0,1.0,0.0,0.0,-2.337906666666701,-2.337906666666701,0.0,0.0,7.898333333333316
8.04999999999998,0.05,0.0,1.0,0.0,0.0,-2.3527066666667005,-2.3527066666667005,0.0,0.0,7.948333333333315
8.09999999999998,0.05,0.0,1.0,0.0,0.0,-2.3675066666667,-2.3675066666667,0.0,0.0,7.998333333333315
8.14999999999998,0.05,0.0,1.0,0.0,0.0,-2.3823066666667,-2.3823066666667,0.0,0.0,8.048333333333316
8.199999999999982,0.05,0.0,1.0,0.0,0.0,-2.3971066666666996,-2.3971066666666996,0.0,0.0,8.098333333333317
8.249999999999982,0.05,0.0,1.0,0.0,0.0,-2.4119066666666993,-2.4119066666666993,0.0,0.0,8.148333333333317
8.299999999999983,0.05,0.0,1.0,0.0,0.0,-2.426706666666699,-2.426706666666699,0.0,0.0,8.198333333333318
8.349999999999984,0.05,0.0,1.0,0.0,0.0,-2.4415066666666987,-2.4415066666666987,0.0,0.0,8.248333333333319
8.399999999999984,0.05,0.0,1.0,0.0,0.0,-2.4563066666666984,-2.4563066666666984,0.0,0.0,8.29833333333332
8.449999999999985,0.05,0.0,1.0,0.0,0.0,-2.471106666666698,-2.471106666666698,0.0,0.0,8.34833333333332
8.499999999999986,0.05,0.0,1.0,0.0,0.0,-2.485906666666698,-2.485906666666698,0.0,0.0,8.398333333333321
8.549999999999986,0.05,0.0,1.0,0.0,0.0,-2.5007066666666975,-2.5007066666666975,0.0,0.0,8.448333333333322
8.599999999999987,0.05,0.0,1.0,0.0,0.0,-2.515506666666697,-2.515506666666697,0.0,0.0,8.498333333333322
8.649999999999988,0.05,0.0,1.0,0.0,0.0,-2.530306666666697,-2.530306666666697,0.0,0.0,8.548333333333323
8.699999999999989,0.05,0.0,1.0,0.0,0.0,-2.5451066666666966,-2.5451066666666966,0.0,0.0,8.598333333333324
8.74999999999999,0.05,0.0,1.0,0.0,0.0,-2.5599066666666963,-2.5599066666666963,0.0,0.0,8.648333333333325
8.79999999999999,0.05,0.0,1.0,0.0,0.0,-2.574706666666696,-2.574706666666696,0.0,0.0,8.698333333333325
8.84999999999999,0.05,0.0,1.0,0.0,0.0,-2.5895066666666957,-2.5895066666666957,0.0,0.0,8.748333333333326
8.899999999999991,0.05,0.0,1.0,0.0,0.0,-2.6043066666666954,-2.6043066666666954,0.0,0.0,8.798333333333327
8.949999999999992,0.05,0.0,1.0,0.0,0.0,-2.619106666666695,-2.619106666666695,0.0,0.0,8.848333333333327
8.999999999999993,0.05,0.0,1.0,0.0,0.0,-2.633906666666695,-2.633906666666695,0.0,0.0,8.898333333333328
9.049999999999994,0.05,0.0,1.0,0.0,0.0,-2.6487066666666945,-2.6487066666666945,0.0,0.0,8.948333333333329
9.099999999999994,0.05,0.0,1.0,0.0,0.0,-2.6635066666666942,-2.6635066666666942,0.0,0.0,8.99833333333333
9.149999999999995,0.05,0.0,1.0,0.0,0.0,-2.678306666666694,-2.678306666666694,0.0,0.0,9.04833333333333
9.199999999999996,0.05,0.0,1.0,0.0,0.0,-2.6931066666666936,-2.6931066666666936,0.0,0.0,9.098333333333331
9.249999999999996,0.05,0.0,1.0,0.0,0.0,-2.7079066666666933,-2.7079066666666933,0.0,0.0,9.148333333333332
9.299999999999997,0.05,0.0,1.0,0.0,0.0,-2.722706666666693,-2.722706666666693,0.0,0.0,9.198333333333332
9.349999999999998,0.05,0.0,1.0,0.0,0.0,-2.7375066666666927,-2.7375066666666927,0.0,0.0,9.248333333333333
9.399999999999999,0.05,0.0,1.0,0.0,0.0,-2.7523066666666924,-2.7523066666666924,0.0,0.0,9.298333333333334
9.45,0.05,0.0,1.0,0.0,0.0,-2.767106666666692,-2.767106666666692,0.0,0.0,9.348333333333334
9.5,0.05,0.0,1.0,0.0,0.0,-2.781906666666692,-2.781906666666692,0.0,0.0,9.398333333333335
9.55,0.05,0.0,1.0,0.0,0.0,-2.7967066666666915,-2.7967066666666915,0.0,0.0,9.448333333333336
9.600000000000001,0.05,0.0,1.0,0.0,0.0,-2.8115066666666912,-2.8115066666666912,0.0,0.0,9.498333333333337
9.650000000000002,0.05,0.0,1.0,0.0,0.0,-2.826306666666691,-2.826306666666691,0.0,0.0,9.548333333333337
9.700000000000003,0.05,0.0,1.0,0.0,0.0,-2.8411066666666906,-2.8411066666666906,0.0,0.0,9.598333333333338
9.750000000000004,0.05,0.0,1.0,0.0,0.0,-2.8559066666666904,-2.8559066666666904,0.0,0.0,9.648333333333339
9.800000000000004,0.05,0.0,1.0,0.0,0.0,-2.87070666666669,-2.87070666666669,0.0,0.0,9.69833333333334
9.850000000000005,0.05,0.0,1.0,0.0,0.0,-2.8855066666666898,-2.8855066666666898,0.0,0.0,9.74833333333334
9.900000000000006,0.05,0.0,1.0,0.0,0.0,-2.9003066666666895,-2.9003066666666895,0.0,0.0,9.798333333333341
9.950000000000006,0.05,0.0,1.0,0.0,0.0,-2.915106666666689,-2.915106666666689,0.0,0.0,9.848333333333342
10.000000000000007,0.05,0.0,1.0,0.0,0.0,-2.929906666666689,-2.929906666666689,0.0,0.0,9.898333333333342
10.050000000000008,0.05,0.0,1.0,0.0,0.0,-2.9447066666666886,-2.9447066666666886,0.0,0.0,9.948333333333343
10.100000000000009,0.05,0.0,1.0,0.0,0.0,-2.9595066666666883,-2.9595066666666883,0.0,0.0,9.998333333333344
10.15000000000001,0.05,0.0,1.0,0.0,0.0,-2.974306666666688,-2.974306666666688,0.0,0.0,10.048333333333344
10.20000000000001,0.05,0.0,1.0,0.0,0.0,-2.9891066666666877,-2.9891066666666877,0.0,0.0,10.098333333333345
10.25000000000001,0.05,0.0,1.0,0.0,0.0,-3.0039066666666874,-3.0039066666666874,0.0,0.0,10.148333333333346
10.300000000000011,0.05,0.0,1.0,0.0,0.0,-3.018706666666687,-3.018706666666687,0.0,0.0,10.198333333333347
10.350000000000012,0.05,0.0,1.0,0.0,0.0,-3.033506666666687,-3.033506666666687,0.0,0.0,10.248333333333347
10.400000000000013,0.05,0.0,1.0,0.0,0.0,-3.0483066666666865,-3.0483066666666865,0.0,0.0,10.298333333333348
10.450000000000014,0.05,0.0,1.0,0.0,0.0,-3.063106666666686,-3.063106666666686,0.0,0.0,10.348333333333349
10.500000000000014,0.05,0.0,1.0,0.0,0.0,-3.077906666666686,-3.077906666666686,0.0,0.0,10.39833333333335
10.550000000000015,0.05,0.0,1.0,0.0,0.0,-3.0927066666666856,-3.0927066666666856,0.0,0.0,10.44833333333335
10.600000000000016,0.05,0.0,1.0,0.0,0.0,-3.1075066666666853,-3.1075066666666853,0.0,0.0,10.49833333333335
10.650000000000016,0.05,0.0,1.0,0.0,0.0,-3.122306666666685,-3.122306666666685,0.0,0.0,10.548333333333352
10.700000000000017,0.05,0.0,1.0,0.0,0.0,-3.1371066666666847,-3.1371066666666847,0.0,0.0,10.598333333333352
10.750000000000018,0.05,0.0,1.0,0.0,0.0,-3.1519066666666844,-3.1519066666666844,0.0,0.0,10.648333333333353
10.800000000000018,0.05,0.0,1.0,0.0,0.0,-3.166706666666684,-3.166706666666684,0.0,0.0,10.698333333333354
10.85000000000002,0.05,0.0,1.0,0.0,0.0,-3.181506666666684,-3.181506666666684,0.0,0.0,10.748333333333354
10.90000000000002,0.05,0.0,1.0,0.0,0.0,-3.1963066666666835,-3.1963066666666835,0.0,0.0,10.798333333333355
10.95000000000002,0.05,0.0,1.0,0.0,0.0,-3.211106666666683,-3.211106666666683,0.0,0.0,10.848333333333356
11.000000000000021,0.05,0.0,1.0,0.0,0.0,-3.225906666666683,-3.225906666666683,0.0,0.0,10.898333333333357
11.050000000000022,0.05,0.0,1.0,0.0,0.0,-3.2407066666666826,-3.2407066666666826,0.0,0.0,10.948333333333357
11.100000000000023,0.05,0.0,1.0,0.0,0.0,-3.2555066666666823,-3.2555066666666823,0.0,0.0,10.998333333333358
11.150000000000023,0.05,0.0,1.0,0.0,0.0,-3.270306666666682,-3.270306666666682,0.0,0.0,11.048333333333359
11.200000000000024,0.05,0.0,1.0,0.0,0.0,-3.2851066666666817,-3.2851066666666817,0.0,0.0,11.09833333333336
11.250000000000025,0.05,0.0,1.0,0.0,0.0,-3.2999066666666814,-3.2999066666666814,0.0,0.0,11.14833333333336
11.300000000000026,0.05,0.0,1.0,0.0,0.0,-3.314706666666681,-3.314706666666681,0.0,0.0,11.19833333333336
11.350000000000026,0.05,0.0,1.0,0.0,0.0,-3.329506666666681,-3.329506666666681,0.0,0.0,11.248333333333361
11.400000000000027,0.05,0.0,1.0,0.0,0.0,-3.3443066666666805,-3.3443066666666805,0.0,0.0,11.298333333333362
11.450000000000028,0.05,0.0,1.0,0.0,0.0,-3.3591066666666802,-3.3591066666666802,0.0,0.0,11.348333333333363
11.500000000000028,0.05,0.0,1.0,0.0,0.0,-3.37390666666668,-3.37390666666668,0.0,0.0,11.398333333333364
11.55000000000003,0.05,0.0,1.0,0.0,0.0,-3.3887066666666796,-3.3887066666666796,0.0,0.0,11.448333333333364
11.60000000000003,0.05,0.0,1.0,0.0,0.0,-3.4035066666666793,-3.4035066666666793,0.0,0.0,11.498333333333365
11.65000000000003,0.05,0.0,1.0,0.0,0.0,-3.418306666666679,-3.418306666666679,0.0,0.0,11.548333333333366
11.700000000000031,0.05,0.0,1.0,0.0,0.0,-3.4331066666666787,-3.4331066666666787,0.0,0.0,11.598333333333366
11.750000000000032,0.05,0.0,1.0,0.0,0.0,-3.4479066666666784,-3.4479066666666784,0.0,0.0,11.648333333333367
11.800000000000033,0.05,0.0,1.0,0.0,0.0,-3.462706666666678,-3.462706666666678,0.0,0.0,11.698333333333368
11.850000000000033,0.05,0.0,1.0,0.0,0.0,-3.477506666666678,-3.477506666666678,0.0,0.0,11.748333333333369
11.900000000000034,0.05,0.0,1.0,0.0,0.0,-3.4923066666666776,-3.4923066666666776,0.0,0.0,11.79833333333337
11.950000000000035,0.05,0.0,1.0,0.0,0.0,-3.5071066666666773,-3.5071066666666773,0.0,0.0,11.84833333333337
12.000000000000036,0.05,0.0,1.0,0.0,0.0,-3.521906666666677,-3.521906666666677,0.0,0.0,11.89833333333337
12.050000000000036,0.05,0.0,1.0,0.0,0.0,-3.5367066666666767,-3.5367066666666767,0.0,0.0,11.948333333333371
12.100000000000037,0.05,0.0,1.0,0.0,0.0,-3.5515066666666764,-3.5515066666666764,0.0,0.0,11.998333333333372
12.150000000000038,0.05,0.0,1.0,0.0,0.0,-3.566306666666676,-3.566306666666676,0.0,0.0,12.048333333333373
12.200000000000038,0.05,0.0,1.0,0.0,0.0,-3.5811066666666758,-3.5811066666666758,0.0,0.0,12.098333333333374
12.250000000000039,0.05,0.0,1.0,0.0,0.0,-3.5959066666666755,-3.5959066666666755,0.0,0.0,12.148333333333374
12.30000000000004,0.05,0.0,1.0,0.0,0.0,-3.610706666666675,-3.610706666666675,0.0,0.0,12.198333333333375
12.35000000000004,0.05,0.0,1.0,0.0,0.0,-3.625506666666675,-3.625506666666675,0.0,0.0,12.248333333333376
12.400000000000041,0.05,0.0,1.0,0.0,0.0,-3.6403066666666746,-3.6403066666666746,0.0,0.0,12.298333333333376
12.450000000000042,0.05,0.0,1.0,0.0,0.0,-3.6551066666666743,-3.6551066666666743,0.0,0.0,12.348333333333377
12.500000000000043,0.05,0.0,1.0,0.0,0.0,-3.669906666666674,-3.669906666666674,0.0,0.0,12.398333333333378
12.550000000000043,0.05,0.0,1.0,0.0,0.0,-3.6847066666666737,-3.6847066666666737,0.0,0.0,12.448333333333379
12.600000000000044,0.05,0.0,1.0,0.0,0.0,-3.6995066666666734,-3.6995066666666734,0.0,0.0,12.49833333333338
12.650000000000045,0.05,0.0,1.0,0.0,0.0,-3.714306666666673,-3.714306666666673,0.0,0.0,12.54833333333338
12.700000000000045,0.05,0.0,1.0,0.0,0.0,-3.729106666666673,-3.729106666666673,0.0,0.0,12.59833333333338
12.750000000000046,0.05,0.0,1.0,0.0,0.0,-3.7439066666666725,-3.7439066666666725,0.0,0.0,12.648333333333381
12.800000000000047,0.05,0.0,1.0,0.0,0.0,-3.758706666666672,-3.758706666666672,0.0,0.0,12.698333333333382
12.850000000000048,0.05,0.0,1.0,0.0,0.0,-3.773506666666672,-3.773506666666672,0.0,0.0,12.748333333333383
12.900000000000048,0.05,0.0,1.0,0.0,0.0,-3.7883066666666716,-3.7883066666666716,0.0,0.0,12.798333333333384
12.950000000000049,0.05,0.0,1.0,0.0,0.0,-3.8031066666666713,-3.8031066666666713,0.0,0.0,12.848333333333384
13.00000000000005,0.05,0.0,1.0,0.0,0.0,-3.817906666666671,-3.817906666666671,0.0,0.0,12.898333333333385
13.05000000000005,0.05,0.0,1.0,0.0,0.0,-3.8327066666666707,-3.8327066666666707,0.0,0.0,12.948333333333386
13.100000000000051,0.05,0.0,1.0,0.0,0.0,-3.8475066666666704,-3.8475066666666704,0.0,0.0,12.998333333333386
13.150000000000052,0.05,0.0,1.0,0.0,0.0,-3.86230666666667,-3.86230666666667,0.0,0.0,13.048333333333387
13.200000000000053,0.05,0.0,1.0,0.0,0.0,-3.87710666666667,-3.87710666666667,0.0,0.0,13.098333333333388
13.250000000000053,0.05,0.0,1.0,0.0,0.0,-3.8919066666666695,-3.8919066666666695,0.0,0.0,13.148333333333388
13.300000000000054,0.05,0.0,1.0,0.0,0.0,-3.906706666666669,-3.906706666666669,0.0,0.0,13.19833333333339
13.350000000000055,0.05,0.0,1.0,0.0,0.0,-3.921506666666669,-3.921506666666669,0.0,0.0,13.24833333333339
13.400000000000055,0.05,0.0,1.0,0.0,0.0,-3.9363066666666686,-3.9363066666666686,0.0,0.0,13.29833333333339
13.450000000000056,0.05,0.0,1.0,0.0,0.0,-3.9511066666666683,-3.9511066666666683,0.0,0.0,13.348333333333391
13.500000000000057,0.05,0.0,1.0,0.0,0.0,-3.965906666666668,-3.965906666666668,0.0,0.0,13.398333333333392
13.550000000000058,0.05,0.0,1.0,0.0,0.0,-3.9807066666666677,-3.9807066666666677,0.0,0.0,13.448333333333393
13.600000000000058,0.05,0.0,1.0,0.0,0.0,-3.9955066666666674,-3.9955066666666674,0.0,0.0,13.498333333333393
13.650000000000059,0.05,0.0,1.0,0.0,0.0,-4.010306666666668,-4.010306666666668,0.0,0.0,13.548333333333394
13.70000000000006,0.05,0.0,1.0,0.0,0.0,-4.025106666666668,-4.025106666666668,0.0,0.0,13.598333333333395
13.75000000000006,0.05,0.0,1.0,0.0,0.0,-4.039906666666668,-4.039906666666668,0.0,0.0,13.648333333333396
13.800000000000061,0.05,0.0,1.0,0.0,0.0,-4.054706666666668,-4.054706666666668,0.0,0.0,13.698333333333396
13.850000000000062,0.05,0.0,1.0,0.0,0.0,-4.069506666666668,-4.069506666666668,0.0,0.0,13.748333333333397
13.900000000000063,0.05,0.0,1.0,0.0,0.0,-4.084306666666668,-4.084306666666668,0.0,0.0,13.798333333333398
13.950000000000063,0.05,0.0,1.0,0.0,0.0,-4.0991066666666685,-4.0991066666666685,0.0,0.0,13.848333333333398
14.000000000000064,0.05,0.0,1.0,0.0,0.0,-4.113906666666669,-4.113906666666669,0.0,0.0,13.8983333333334
14.050000000000065,0.05,0.0,1.0,0.0,0.0,-4.128706666666669,-4.128706666666669,0.0,0.0,13.9483333333334
14.100000000000065,0.05,0.0,1.0,0.0,0.0,-4.143506666666669,-4.143506666666669,0.0,0.0,13.9983333333334
14.150000000000066,0.05,0.0,1.0,0.0,0.0,-4.158306666666669,-4.158306666666669,0.0,0.0,14.048333333333401
14.200000000000067,0.05,0.0,1.0,0.0,0.0,-4.173106666666669,-4.173106666666669,0.0,0.0,14.098333333333402
14.250000000000068,0.05,0.0,1.0,0.0,0.0,-4.187906666666669,-4.187906666666669,0.0,0.0,14.148333333333403
14.300000000000068,0.05,0.0,1.0,0.0,0.0,-4.2027066666666695,-4.2027066666666695,0.0,0.0,14.198333333333403
14.350000000000069,0.05,0.0,1.0,0.0,0.0,-4.21750666666667,-4.21750666666667,0.0,0.0,14.248333333333404
14.40000000000007,0.05,0.0,1.0,0.0,0.0,-4.23230666666667,-4.23230666666667,0.0,0.0,14.298333333333405
14.45000000000007,0.05,0.0,1.0,0.0,0.0,-4.24710666666667,-4.24710666666667,0.0,0.0,14.348333333333406
14.500000000000071,0.05,0.0,1.0,0.0,0.0,-4.26190666666667,-4.26190666666667,0.0,0.0,14.398333333333406
14.550000000000072,0.05,0.0,1.0,0.0,0.0,-4.27670666666667,-4.27670666666667,0.0,0.0,14.448333333333407
14.600000000000072,0.05,0.0,1.0,0.0,0.0,-4.29150666666667,-4.29150666666667,0.0,0.0,14.498333333333408
14.650000000000073,0.05,0.0,1.0,0.0,0.0,-4.3063066666666705,-4.3063066666666705,0.0,0.0,14.548333333333408
14.700000000000074,0.05,0.0,1.0,0.0,0.0,-4.321106666666671,-4.321106666666671,0.0,0.0,14.598333333333409
14.750000000000075,0.05,0.0,1.0,0.0,0.0,-4.335906666666671,-4.335906666666671,0.0,0.0,14.64833333333341
14.800000000000075,0.05,0.0,1.0,0.0,0.0,-4.350706666666671,-4.350706666666671,0.0,0.0,14.69833333333341
14.850000000000076,0.05,0.0,1.0,0.0,0.0,-4.365506666666671,-4.365506666666671,0.0,0.0,14.748333333333411
14.900000000000077,0.05,0.0,1.0,0.0,0.0,-4.380306666666671,-4.380306666666671,0.0,0.0,14.798333333333412
14.950000000000077,0.05,0.0,1.0,0.0,0.0,-4.395106666666671,-4.395106666666671,0.0,0.0,14.848333333333413
15.000000000000078,0.05,0.0,1.0,0.0,0.0,-4.4099066666666715,-4.4099066666666715,0.0,0.0,14.898333333333413
15.050000000000079,0.05,0.0,1.0,0.0,0.0,-4.424706666666672,-4.424706666666672,0.0,0.0,14.948333333333414
15.10000000000008,0.05,0.0,1.0,0.0,0.0,-4.439506666666672,-4.439506666666672,0.0,0.0,14.998333333333415
15.15000000000008,0.05,0.0,1.0,0.0,0.0,-4.454306666666672,-4.454306666666672,0.0,0.0,15.048333333333415
15.200000000000081,0.05,0.0,1.0,0.0,0.0,-4.469106666666672,-4.469106666666672,0.0,0.0,15.098333333333416
15.250000000000082,0.05,0.0,1.0,0.0,0.0,-4.483906666666672,-4.483906666666672,0.0,0.0,15.148333333333417
15.300000000000082,0.05,0.0,1.0,0.0,0.0,-4.498706666666672,-4.498706666666672,0.0,0.0,15.198333333333418
15.350000000000083,0.05,0.0,1.0,0.0,0.0,-4.5135066666666726,-4.5135066666666726,0.0,0.0,15.248333333333418
15.400000000000084,0.05,0.0,1.0,0.0,0.0,-4.528306666666673,-4.528306666666673,0.0,0.0,15.298333333333419
15.450000000000085,0.05,0.0,1.0,0.0,0.0,-4.543106666666673,-4.543106666666673,0.0,0.0,15.34833333333342
15.500000000000085,0.05,0.0,1.0,0.0,0.0,-4.557906666666673,-4.557906666666673,0.0,0.0,15.39833333333342
15.550000000000086,0.05,0.0,1.0,0.0,0.0,-4.572706666666673,-4.572706666666673,0.0,0.0,15.448333333333421
15.600000000000087,0.05,0.0,1.0,0.0,0.0,-4.587506666666673,-4.587506666666673,0.0,0.0,15.498333333333422
15.650000000000087,0.05,0.0,1.0,0.0,0.0,-4.602306666666673,-4.602306666666673,0.0,0.0,15.548333333333423
15.700000000000088,0.05,0.0,1.0,0.0,0.0,-4.617106666666674,-4.617106666666674,0.0,0.0,15.598333333333423
15.750000000000089,0.05,0.0,1.0,0.0,0.0,-4.631906666666674,-4.631906666666674,0.0,0.0,15.648333333333424
15.80000000000009,0.05,0.0,1.0,0.0,0.0,-4.646706666666674,-4.646706666666674,0.0,0.0,15.698333333333425
15.85000000000009,0.05,0.0,1.0,0.0,0.0,-4.661506666666674,-4.661506666666674,0.0,0.0,15.748333333333425
15.900000000000091,0.05,0.0,1.0,0.0,0.0,-4.676306666666674,-4.676306666666674,0.0,0.0,15.798333333333426
15.950000000000092,0.05,0.0,1.0,0.0,0.0,-4.691106666666674,-4.691106666666674,0.0,0.0,15.848333333333427
16.000000000000092,0.05,0.0,1.0,0.0,0.0,-4.705906666666674,-4.705906666666674,0.0,0.0,15.898333333333426
16.050000000000093,0.05,0.0,1.0,0.0,0.0,-4.720706666666671,-4.720706666666671,0.0,0.0,15.94833333333342
16.100000000000094,0.05,0.0,1.0,0.0,0.0,-4.7355066666666685,-4.7355066666666685,0.0,0.0,15.998333333333413
16.150000000000095,0.05,0.0,1.0,0.0,0.0,-4.750306666666666,-4.750306666666666,0.0,0.0,16.048333333333414
16.200000000000095,0.05,0.0,1.0,0.0,0.0,-4.7651066666666635,-4.7651066666666635,0.0,0.0,16.098333333333414
16.250000000000096,0.05,0.0,1.0,0.0,0.0,-4.779906666666661,-4.779906666666661,0.0,0.0,16.148333333333415
16.300000000000097,0.05,0.0,1.0,0.0,0.0,-4.7947066666666585,-4.7947066666666585,0.0,0.0,16.198333333333416
16.350000000000097,0.05,0.0,1.0,0.0,0.0,-4.809506666666656,-4.809506666666656,0.0,0.0,16.248333333333417
16.400000000000098,0.05,0.0,1.0,0.0,0.0,-4.824306666666653,-4.824306666666653,0.0,0.0,16.298333333333417
16.4500000000001,0.05,0.0,1.0,0.0,0.0,-4.839106666666651,-4.839106666666651,0.0,0.0,16.348333333333418
16.5000000000001,0.05,0.0,1.0,0.0,0.0,-4.853906666666648,-4.853906666666648,0.0,0.0,16.39833333333342
16.5500000000001,0.05,0.0,1.0,0.0,0.0,-4.868706666666646,-4.868706666666646,0.0,0.0,16.44833333333342
16.6000000000001,0.05,0.0,1.0,0.0,0.0,-4.883506666666643,-4.883506666666643,0.0,0.0,16.49833333333342
16.6500000000001,0.05,0.0,1.0,0.0,0.0,-4.898306666666641,-4.898306666666641,0.0,0.0,16.54833333333342
16.700000000000102,0.05,0.0,1.0,0.0,0.0,-4.913106666666638,-4.913106666666638,0.0,0.0,16.59833333333342
16.750000000000103,0.05,0.0,1.0,0.0,0.0,-4.927906666666636,-4.927906666666636,0.0,0.0,16.648333333333422
16.800000000000104,0.05,0.0,1.0,0.0,0.0,-4.942706666666633,-4.942706666666633,0.0,0.0,16.698333333333423
16.850000000000104,0.05,0.0,1.0,0.0,0.0,-4.957506666666631,-4.957506666666631,0.0,0.0,16.748333333333424
16.900000000000105,0.05,0.0,1.0,0.0,0.0,-4.972306666666628,-4.972306666666628,0.0,0.0,16.798333333333424
16.950000000000106,0.05,0.0,1.0,0.0,0.0,-4.987106666666626,-4.987106666666626,0.0,0.0,16.848333333333425
17.000000000000107,0.05,0.0,1.0,0.0,0.0,-5.001906666666623,-5.001906666666623,0.0,0.0,16.898333333333426
17.050000000000107,0.05,0.0,1.0,0.0,0.0,-5.016706666666621,-5.016706666666621,0.0,0.0,16.948333333333427
17.100000000000108,0.05,0.0,1.0,0.0,0.0,-5.031506666666618,-5.031506666666618,0.0,0.0,16.998333333333427
17.15000000000011,0.05,0.0,1.0,0.0,0.0,-5.046306666666616,-5.046306666666616,0.0,0.0,17.048333333333428
17.20000000000011,0.05,0.0,1.0,0.0,0.0,-5.061106666666613,-5.061106666666613,0.0,0.0,17.09833333333343
17.25000000000011,0.05,0.0,1.0,0.0,0.0,-5.075906666666611,-5.075906666666611,0.0,0.0,17.14833333333343
17.30000000000011,0.05,0.0,1.0,0.0,0.0,-5.090706666666608,-5.090706666666608,0.0,0.0,17.19833333333343
17.35000000000011,0.05,0.0,1.0,0.0,0.0,-5.105506666666606,-5.105506666666606,0.0,0.0,17.24833333333343
17.400000000000112,0.05,0.0,1.0,0.0,0.0,-5.120306666666603,-5.120306666666603,0.0,0.0,17.29833333333343
17.450000000000113,0.05,0.0,1.0,0.0,0.0,-5.1351066666666005,-5.1351066666666005,0.0,0.0,17.348333333333432
17.500000000000114,0.05,0.0,1.0,0.0,0.0,-5.149906666666598,-5.149906666666598,0.0,0.0,17.398333333333433
17.550000000000114,0.05,0.0,1.0,0.0,0.0,-5.1647066666665955,-5.1647066666665955,0.0,0.0,17.448333333333434
17.600000000000115,0.05,0.0,1.0,0.0,0.0,-5.179506666666593,-5.179506666666593,0.0,0.0,17.498333333333434
17.650000000000116,0.05,0.0,1.0,0.0,0.0,-5.1943066666665905,-5.1943066666665905,0.0,0.0,17.548333333333435
17.700000000000117,0.05,0.0,1.0,0.0,0.0,-5.209106666666588,-5.209106666666588,0.0,0.0,17.598333333333436
17.750000000000117,0.05,0.0,1.0,0.0,0.0,-5.223906666666585,-5.223906666666585,0.0,0.0,17.648333333333436
17.800000000000118,0.05,0.0,1.0,0.0,0.0,-5.238706666666583,-5.238706666666583,0.0,0.0,17.698333333333437
17.85000000000012,0.05,0.0,1.0,0.0,0.0,-5.25350666666658,-5.25350666666658,0.0,0.0,17.748333333333438
17.90000000000012,0.05,0.0,1.0,0.0,0.0,-5.268306666666578,-5.268306666666578,0.0,0.0,17.79833333333344
17.95000000000012,0.05,0.0,1.0,0.0,0.0,-5.283106666666575,-5.283106666666575,0.0,0.0,17.84833333333344
18.00000000000012,0.05,0.0,1.0,0.0,0.0,-5.297906666666573,-5.297906666666573,0.0,0.0,17.89833333333344
18.05000000000012,0.05,0.0,1.0,0.0,0.0,-5.31270666666657,-5.31270666666657,0.0,0.0,17.94833333333344
18.100000000000122,0.05,0.0,1.0,0.0,0.0,-5.327506666666568,-5.327506666666568,0.0,0.0,17.99833333333344
18.150000000000123,0.05,0.0,1.0,0.0,0.0,-5.342306666666565,-5.342306666666565,0.0,0.0,18.048333333333442
18.200000000000124,0.05,0.0,1.0,0.0,0.0,-5.357106666666563,-5.357106666666563,0.0,0.0,18.098333333333443
18.250000000000124,0.05,0.0,1.0,0.0,0.0,-5.37190666666656,-5.37190666666656,0.0,0.0,18.148333333333444
18.300000000000125,0.05,0.0,1.0,0.0,0.0,-5.386706666666558,-5.386706666666558,0.0,0.0,18.198333333333444
18.350000000000126,0.05,0.0,1.0,0.0,0.0,-5.401506666666555,-5.401506666666555,0.0,0.0,18.248333333333445
18.400000000000126,0.05,0.0,1.0,0.0,0.0,-5.416306666666553,-5.416306666666553,0.0,0.0,18.298333333333446
18.450000000000127,0.05,0.0,1.0,0.0,0.0,-5.43110666666655,-5.43110666666655,0.0,0.0,18.348333333333446
18.500000000000128,0.05,0.0,1.0,0.0,0.0,-5.445906666666548,-5.445906666666548,0.0,0.0,18.398333333333447
18.55000000000013,0.05,0.0,1.0,0.0,0.0,-5.460706666666545,-5.460706666666545,0.0,0.0,18.448333333333448
18.60000000000013,0.05,0.0,1.0,0.0,0.0,-5.475506666666543,-5.475506666666543,0.0,0.0,18.49833333333345
18.65000000000013,0.05,0.0,1.0,0.0,0.0,-5.49030666666654,-5.49030666666654,0.0,0.0,18.54833333333345
18.70000000000013,0.05,0.0,1.0,0.0,0.0,-5.505106666666538,-5.505106666666538,0.0,0.0,18.59833333333345
18.75000000000013,0.05,0.0,1.0,0.0,0.0,-5.519906666666535,-5.519906666666535,0.0,0.0,18.64833333333345
18.800000000000132,0.05,0.0,1.0,0.0,0.0,-5.5347066666665325,-5.5347066666665325,0.0,0.0,18.69833333333345
18.850000000000133,0.05,0.0,1.0,0.0,0.0,-5.54950666666653,-5.54950666666653,0.0,0.0,18.748333333333452
18.900000000000134,0.05,0.0,1.0,0.0,0.0,-5.5643066666665275,-5.5643066666665275,0.0,0.0,18.798333333333453
18.950000000000134,0.05,0.0,1.0,0.0,0.0,-5.579106666666525,-5.579106666666525,0.0,0.0,18.848333333333454
19.000000000000135,0.05,0.0,1.0,0.0,0.0,-5.5939066666665225,-5.5939066666665225,0.0,0.0,18.898333333333454
19.050000000000136,0.05,0.0,1.0,0.0,0.0,-5.60870666666652,-5.60870666666652,0.0,0.0,18.948333333333455
19.100000000000136,0.05,0.0,1.0,0.0,0.0,-5.623506666666517,-5.623506666666517,0.0,0.0,18.998333333333456
19.150000000000137,0.05,0.0,1.0,0.0,0.0,-5.638306666666515,-5.638306666666515,0.0,0.0,19.048333333333456
19.200000000000138,0.05,0.0,1.0,0.0,0.0,-5.653106666666512,-5.653106666666512,0.0,0.0,19.098333333333457
19.25000000000014,0.05,0.0,1.0,0.0,0.0,-5.66790666666651,-5.66790666666651,0.0,0.0,19.148333333333458
19.30000000000014,0.05,0.0,1.0,0.0,0.0,-5.682706666666507,-5.682706666666507,0.0,0.0,19.19833333333346
19.35000000000014,0.05,0.0,1.0,0.0,0.0,-5.697506666666505,-5.697506666666505,0.0,0.0,19.24833333333346
19.40000000000014,0.05,0.0,1.0,0.0,0.0,-5.712306666666502,-5.712306666666502,0.0,0.0,19.29833333333346
19.45000000000014,0.05,0.0,1.0,0.0,0.0,-5.7271066666665,-5.7271066666665,0.0,0.0,19.34833333333346
19.500000000000142,0.05,0.0,1.0,0.0,0.0,-5.741906666666497,-5.741906666666497,0.0,0.0,19.39833333333346
19.550000000000143,0.05,0.0,1.0,0.0,0.0,-5.756706666666495,-5.756706666666495,0.0,0.0,19.448333333333462
19.600000000000144,0.05,0.0,1.0,0.0,0.0,-5.771506666666492,-5.771506666666492,0.0,0.0,19.498333333333463
19.650000000000144,0.05,0.0,1.0,0.0,0.0,-5.78630666666649,-5.78630666666649,0.0,0.0,19.548333333333463
19.700000000000145,0.05,0.0,1.0,0.0,0.0,-5.801106666666487,-5.801106666666487,0.0,0.0,19.598333333333464
19.750000000000146,0.05,0.0,1.0,0.0,0.0,-5.815906666666485,-5.815906666666485,0.0,0.0,19.648333333333465
19.800000000000146,0.05,0.0,1.0,0.0,0.0,-5.830706666666482,-5.830706666666482,0.0,0.0,19.698333333333466
19.850000000000147,0.05,0.0,1.0,0.0,0.0,-5.84550666666648,-5.84550666666648,0.0,0.0,19.748333333333466
19.900000000000148,0.05,0.0,1.0,0.0,0.0,-5.860306666666477,-5.860306666666477,0.0,0.0,19.798333333333467
19.95000000000015,0.05,0.0,1.0,0.0,0.0,-5.875106666666475,-5.875106666666475,0.0,0.0,19.848333333333468
